passport_id,file,key_generation_time_s,recursive_snark_creation_time_s,recursive_snark_verify_time_s,recursive_snark_verify_time_ms,compressed_snark_prove_time_s,compressed_snark_verify_time_s,compressed_snark_verify_time_ms,constraints_primary,variables_primary,constraints_secondary,variables_secondary,peak_memory_kb,peak_memory_mb,peak_memory_gb
0000,passport_0000_output.log,7.612657766,422.09559988,0.42996059000000003,429.96059,14.546391086,0.605969508,605.969508,157312,156666,10347,10329,,,
0001,passport_0001_output.log,8.964520225,429.220068024,0.484635885,484.635885,14.513330355,0.6896895980000001,689.689598,157312,156666,10347,10329,,,
0002,passport_0002_output.log,9.037129352,414.587417325,0.421929603,421.929603,14.348500923,0.576957493,576.957493,157312,156666,10347,10329,,,
0003,passport_0003_output.log,8.738020063,423.05418439,0.42891514399999997,428.915144,14.923810835,0.61860574,618.60574,157312,156666,10347,10329,,,
0004,passport_0004_output.log,9.176657608,421.69679803,0.471961776,471.961776,14.357474431,0.6160071020000001,616.007102,157312,156666,10347,10329,,,
0005,passport_0005_output.log,8.971161625,423.524930852,0.432363573,432.363573,14.515327636,0.674127243,674.127243,157312,156666,10347,10329,,,
0006,passport_0006_output.log,9.232369418,423.749663107,0.45472647,454.72647,14.59434762,0.6131148359999999,613.114836,157312,156666,10347,10329,,,
0007,passport_0007_output.log,9.246950143,425.76897741,0.447034431,447.034431,14.710699321,0.583342237,583.342237,157312,156666,10347,10329,,,
0008,passport_0008_output.log,9.262551487,422.674058487,0.45128463799999996,451.284638,14.378443725,0.597064601,597.064601,157312,156666,10347,10329,,,
0009,passport_0009_output.log,9.118989314,425.882902248,0.453542848,453.542848,14.216155497,0.612094802,612.094802,157312,156666,10347,10329,,,
0010,passport_0010_output.log,9.285199022,424.940587814,0.44997765700000003,449.977657,14.781765423,0.6026711330000001,602.671133,157312,156666,10347,10329,,,
0011,passport_0011_output.log,9.717392616,427.025904137,0.469979991,469.979991,15.074392767,0.6048645269999999,604.864527,157312,156666,10347,10329,,,
0012,passport_0012_output.log,8.89373634,426.350079962,0.447585355,447.585355,14.461015772,0.657268054,657.268054,157312,156666,10347,10329,,,
0013,passport_0013_output.log,9.054765644,426.325120275,0.448188128,448.188128,14.26633919,0.648480145,648.480145,157312,156666,10347,10329,,,
0014,passport_0014_output.log,9.416593043,423.253460357,0.461692398,461.692398,15.005824002,0.636111765,636.111765,157312,156666,10347,10329,,,
0015,passport_0015_output.log,9.522845187,421.845868588,0.462843081,462.843081,14.990335357,0.649936001,649.936001,157312,156666,10347,10329,,,
0016,passport_0016_output.log,9.200974547,425.763145438,0.492743231,492.743231,14.40381765,0.624800768,624.800768,157312,156666,10347,10329,,,
0017,passport_0017_output.log,9.360254225,425.035008957,0.454466564,454.466564,14.755572391,0.5986340360000001,598.634036,157312,156666,10347,10329,,,
0018,passport_0018_output.log,9.388035531,425.23934757,0.44436910999999996,444.36911,15.078279121,0.7074090559999999,707.409056,157312,156666,10347,10329,,,
0019,passport_0019_output.log,9.398459953,427.919131215,0.492993476,492.993476,14.645579756,0.691222966,691.222966,157312,156666,10347,10329,,,
0020,passport_0020_output.log,9.308852158,423.982534913,0.553154657,553.154657,14.696639883,0.636458403,636.458403,157312,156666,10347,10329,,,
0021,passport_0021_output.log,9.140344715,421.54011778,0.483913014,483.913014,14.919187694,0.618899227,618.899227,157312,156666,10347,10329,,,
0022,passport_0022_output.log,9.263684155,423.447063833,0.57699018,576.99018,14.99106455,0.662821468,662.821468,157312,156666,10347,10329,,,
0023,passport_0023_output.log,9.317554907,427.169016497,0.460793883,460.793883,15.142111441,0.600596585,600.596585,157312,156666,10347,10329,,,
0024,passport_0024_output.log,9.117639644,429.117940312,0.469863139,469.863139,14.903395959,0.606638176,606.638176,157312,156666,10347,10329,,,
0025,passport_0025_output.log,9.266557697,427.503755221,0.474901609,474.901609,14.22571006,0.621041815,621.041815,157312,156666,10347,10329,,,
0026,passport_0026_output.log,9.757479176,420.873409408,0.432638118,432.638118,14.396742028,0.614561709,614.561709,157312,156666,10347,10329,,,
0027,passport_0027_output.log,9.698553193,420.309689168,0.436228063,436.228063,14.569620772,0.584883076,584.883076,157312,156666,10347,10329,,,
0028,passport_0028_output.log,9.079650893,427.171914042,0.448822656,448.822656,15.065539202,0.5880006019999999,588.000602,157312,156666,10347,10329,,,
0029,passport_0029_output.log,9.410172983,426.350816375,0.458965878,458.965878,14.787741393,0.629813135,629.813135,157312,156666,10347,10329,,,
0030,passport_0030_output.log,8.97622989,425.24489478,0.41108128,411.08128,14.353933438,0.5599366370000001,559.936637,157312,156666,10347,10329,,,
0031,passport_0031_output.log,9.598098263,426.868695997,0.43089313199999996,430.893132,15.194182021,0.5929545879999999,592.954588,157312,156666,10347,10329,,,
0032,passport_0032_output.log,9.168751738,435.685516203,0.465563395,465.563395,15.431776148,0.7213175780000001,721.317578,157312,156666,10347,10329,,,
0033,passport_0033_output.log,9.383127865,425.283257692,0.440493992,440.493992,14.754485884,0.583855844,583.855844,157312,156666,10347,10329,,,
0034,passport_0034_output.log,9.20774919,425.212154307,0.430966246,430.966246,14.59049288,0.571494487,571.494487,157312,156666,10347,10329,,,
0035,passport_0035_output.log,9.09622772,423.587958143,0.415536473,415.536473,15.435447251,0.6202409609999999,620.240961,157312,156666,10347,10329,,,
0036,passport_0036_output.log,9.261069615,426.38912826,0.423042011,423.042011,14.836552066,0.572574429,572.574429,157312,156666,10347,10329,,,
0037,passport_0037_output.log,8.900366358,426.570642077,0.44290161100000003,442.901611,14.98822988,0.575384828,575.384828,157312,156666,10347,10329,,,
0038,passport_0038_output.log,9.32309704,428.129654639,0.43669558799999997,436.695588,14.290791883,0.708987568,708.987568,157312,156666,10347,10329,,,
0039,passport_0039_output.log,9.113438918,432.684526753,0.48310301,483.10301,15.354769055,0.617337873,617.337873,157312,156666,10347,10329,,,
0040,passport_0040_output.log,9.175076824,425.675295665,0.420371372,420.371372,14.488253702,0.582958924,582.958924,157312,156666,10347,10329,,,
0041,passport_0041_output.log,9.356248844,425.853804978,0.426136862,426.136862,15.524531736,0.690825335,690.825335,157312,156666,10347,10329,,,
0042,passport_0042_output.log,9.700676748,428.081009976,0.427931114,427.931114,15.050149745,0.582070151,582.070151,157312,156666,10347,10329,,,
0043,passport_0043_output.log,9.004179779,428.080369002,0.417352279,417.352279,14.958999013,0.629537754,629.537754,157312,156666,10347,10329,,,
0044,passport_0044_output.log,9.293051489,422.737989074,0.41840148299999996,418.401483,14.421597167,0.569581134,569.581134,157312,156666,10347,10329,,,
0045,passport_0045_output.log,9.163645031,418.875303557,0.410412248,410.412248,14.56220479,0.560750885,560.750885,157312,156666,10347,10329,,,
0046,passport_0046_output.log,9.148861674,422.439522053,0.43095678299999995,430.956783,16.37421674,0.566745837,566.745837,157312,156666,10347,10329,,,
0047,passport_0047_output.log,9.291034961,421.802911069,0.48111325099999996,481.113251,15.617575395,0.666085718,666.085718,157312,156666,10347,10329,,,
0048,passport_0048_output.log,9.667414146,421.401459479,0.421741298,421.741298,15.453422508,0.5532854589999999,553.285459,157312,156666,10347,10329,,,
0049,passport_0049_output.log,9.189747038,419.535899833,0.46554945600000003,465.549456,14.727981538,0.810396066,810.396066,157312,156666,10347,10329,,,
